Company Name,Ticker,NSE Symbol,Market Cap
ABB India Ltd.,ABB.NS,NSE:ABB,Large Cap
Adani Energy Solutions Ltd.,ADANIENSOL.NS,NSE:ADANIENSOL,Large Cap
Adani Enterprises Ltd.,ADANIENT.NS,NSE:ADANIENT,Large Cap
Adani Green Energy Ltd.,ADANIGREEN.NS,NSE:ADANIGREEN,Large Cap
Adani Ports and Special Economic Zone Ltd.,ADANIPORTS.NS,NSE:ADANIPORTS,Large Cap
Adani Power Ltd.,ADANIPOWER.NS,NSE:ADANIPOWER,Large Cap
Adani Total Gas Ltd.,ATGL.NS,NSE:ATGL,Large Cap
Ambuja Cements Ltd.,AMBUJACEM.NS,NSE:AMBUJACEM,Large Cap
Apollo Hospitals Enterprise Ltd.,APOLLOHOSP.NS,NSE:APOLLOHOSP,Large Cap
Asian Paints Ltd.,ASIANPAINT.NS,NSE:ASIANPAINT,Large Cap
Avenue Supermarts Ltd.,DMART.NS,NSE:DMART,Large Cap
Axis Bank Ltd.,AXISBANK.NS,NSE:AXISBANK,Large Cap
Bajaj Auto Ltd.,BAJAJ-AUTO.NS,NSE:BAJAJ-AUTO,Large Cap
Bajaj Finance Ltd.,BAJFINANCE.NS,NSE:BAJFINANCE,Large Cap
Bajaj Finserv Ltd.,BAJAJFINSV.NS,NSE:BAJAJFINSV,Large Cap
Bajaj Holdings & Investment Ltd.,BAJAJHLDNG.NS,NSE:BAJAJHLDNG,Large Cap
Bank of Baroda,BANKBARODA.NS,NSE:BANKBARODA,Large Cap
Bharat Electronics Ltd.,BEL.NS,NSE:BEL,Large Cap
Bharat Heavy Electricals Ltd.,BHEL.NS,NSE:BHEL,Large Cap
Bharat Petroleum Corporation Ltd.,BPCL.NS,NSE:BPCL,Large Cap
Bharti Airtel Ltd.,BHARTIARTL.NS,NSE:BHARTIARTL,Large Cap
Bosch Ltd.,BOSCHLTD.NS,NSE:BOSCHLTD,Large Cap
Britannia Industries Ltd.,BRITANNIA.NS,NSE:BRITANNIA,Large Cap
Canara Bank,CANBK.NS,NSE:CANBK,Large Cap
Cholamandalam Investment and Finance Company Ltd.,CHOLAFIN.NS,NSE:CHOLAFIN,Large Cap
Cipla Ltd.,CIPLA.NS,NSE:CIPLA,Large Cap
Coal India Ltd.,COALINDIA.NS,NSE:COALINDIA,Large Cap
DLF Ltd.,DLF.NS,NSE:DLF,Large Cap
Dabur India Ltd.,DABUR.NS,NSE:DABUR,Large Cap
Divi's Laboratories Ltd.,DIVISLAB.NS,NSE:DIVISLAB,Large Cap
Dr. Reddy's Laboratories Ltd.,DRREDDY.NS,NSE:DRREDDY,Large Cap
Eicher Motors Ltd.,EICHERMOT.NS,NSE:EICHERMOT,Large Cap
GAIL (India) Ltd.,GAIL.NS,NSE:GAIL,Large Cap
Godrej Consumer Products Ltd.,GODREJCP.NS,NSE:GODREJCP,Large Cap
Grasim Industries Ltd.,GRASIM.NS,NSE:GRASIM,Large Cap
HCL Technologies Ltd.,HCLTECH.NS,NSE:HCLTECH,Large Cap
HDFC Bank Ltd.,HDFCBANK.NS,NSE:HDFCBANK,Large Cap
HDFC Life Insurance Company Ltd.,HDFCLIFE.NS,NSE:HDFCLIFE,Large Cap
Havells India Ltd.,HAVELLS.NS,NSE:HAVELLS,Large Cap
Hero MotoCorp Ltd.,HEROMOTOCO.NS,NSE:HEROMOTOCO,Large Cap
Hindalco Industries Ltd.,HINDALCO.NS,NSE:HINDALCO,Large Cap
Hindustan Aeronautics Ltd.,HAL.NS,NSE:HAL,Large Cap
Hindustan Unilever Ltd.,HINDUNILVR.NS,NSE:HINDUNILVR,Large Cap
ICICI Bank Ltd.,ICICIBANK.NS,NSE:ICICIBANK,Large Cap
ICICI Lombard General Insurance Company Ltd.,ICICIGI.NS,NSE:ICICIGI,Large Cap
ICICI Prudential Life Insurance Company Ltd.,ICICIPRULI.NS,NSE:ICICIPRULI,Large Cap
ITC Ltd.,ITC.NS,NSE:ITC,Large Cap
Indian Oil Corporation Ltd.,IOC.NS,NSE:IOC,Large Cap
Indian Railway Catering And Tourism Corporation Ltd.,IRCTC.NS,NSE:IRCTC,Large Cap
Indian Railway Finance Corporation Ltd.,IRFC.NS,NSE:IRFC,Large Cap
IndusInd Bank Ltd.,INDUSINDBK.NS,NSE:INDUSINDBK,Large Cap
Info Edge (India) Ltd.,NAUKRI.NS,NSE:NAUKRI,Large Cap
Infosys Ltd.,INFY.NS,NSE:INFY,Large Cap
InterGlobe Aviation Ltd.,INDIGO.NS,NSE:INDIGO,Large Cap
JSW Energy Ltd.,JSWENERGY.NS,NSE:JSWENERGY,Large Cap
JSW Steel Ltd.,JSWSTEEL.NS,NSE:JSWSTEEL,Large Cap
Jindal Steel & Power Ltd.,JINDALSTEL.NS,NSE:JINDALSTEL,Large Cap
Jio Financial Services Ltd.,JIOFIN.NS,NSE:JIOFIN,Large Cap
Kotak Mahindra Bank Ltd.,KOTAKBANK.NS,NSE:KOTAKBANK,Large Cap
LTIMindtree Ltd.,LTIM.NS,NSE:LTIM,Large Cap
Larsen & Toubro Ltd.,LT.NS,NSE:LT,Large Cap
Life Insurance Corporation of India,LICI.NS,NSE:LICI,Large Cap
Macrotech Developers Ltd.,LODHA.NS,NSE:LODHA,Large Cap
Mahindra & Mahindra Ltd.,M&M.NS,NSE:M&M,Large Cap
Maruti Suzuki India Ltd.,MARUTI.NS,NSE:MARUTI,Large Cap
NHPC Ltd.,NHPC.NS,NSE:NHPC,Large Cap
NTPC Ltd.,NTPC.NS,NSE:NTPC,Large Cap
Nestle India Ltd.,NESTLEIND.NS,NSE:NESTLEIND,Large Cap
Oil & Natural Gas Corporation Ltd.,ONGC.NS,NSE:ONGC,Large Cap
Pidilite Industries Ltd.,PIDILITIND.NS,NSE:PIDILITIND,Large Cap
Power Finance Corporation Ltd.,PFC.NS,NSE:PFC,Large Cap
Power Grid Corporation of India Ltd.,POWERGRID.NS,NSE:POWERGRID,Large Cap
Punjab National Bank,PNB.NS,NSE:PNB,Large Cap
REC Ltd.,RECLTD.NS,NSE:RECLTD,Large Cap
Reliance Industries Ltd.,RELIANCE.NS,NSE:RELIANCE,Large Cap
SBI Life Insurance Company Ltd.,SBILIFE.NS,NSE:SBILIFE,Large Cap
Samvardhana Motherson International Ltd.,MOTHERSON.NS,NSE:MOTHERSON,Large Cap
Shree Cement Ltd.,SHREECEM.NS,NSE:SHREECEM,Large Cap
Shriram Finance Ltd.,SHRIRAMFIN.NS,NSE:SHRIRAMFIN,Large Cap
Siemens Ltd.,SIEMENS.NS,NSE:SIEMENS,Large Cap
State Bank of India,SBIN.NS,NSE:SBIN,Large Cap
Sun Pharmaceutical Industries Ltd.,SUNPHARMA.NS,NSE:SUNPHARMA,Large Cap
TVS Motor Company Ltd.,TVSMOTOR.NS,NSE:TVSMOTOR,Large Cap
Tata Consultancy Services Ltd.,TCS.NS,NSE:TCS,Large Cap
Tata Consumer Products Ltd.,TATACONSUM.NS,NSE:TATACONSUM,Large Cap
Tata Motors Ltd.,TATAMOTORS.NS,NSE:TATAMOTORS,Large Cap
Tata Power Co. Ltd.,TATAPOWER.NS,NSE:TATAPOWER,Large Cap
Tata Steel Ltd.,TATASTEEL.NS,NSE:TATASTEEL,Large Cap
Tech Mahindra Ltd.,TECHM.NS,NSE:TECHM,Large Cap
Titan Company Ltd.,TITAN.NS,NSE:TITAN,Large Cap
Torrent Pharmaceuticals Ltd.,TORNTPHARM.NS,NSE:TORNTPHARM,Large Cap
Trent Ltd.,TRENT.NS,NSE:TRENT,Large Cap
UltraTech Cement Ltd.,ULTRACEMCO.NS,NSE:ULTRACEMCO,Large Cap
Union Bank of India,UNIONBANK.NS,NSE:UNIONBANK,Large Cap
United Spirits Ltd.,UNITDSPR.NS,NSE:UNITDSPR,Large Cap
Varun Beverages Ltd.,VBL.NS,NSE:VBL,Large Cap
Vedanta Ltd.,VEDL.NS,NSE:VEDL,Large Cap
Wipro Ltd.,WIPRO.NS,NSE:WIPRO,Large Cap
Zomato Ltd.,ZOMATO.NS,NSE:ZOMATO,Large Cap
Zydus Lifesciences Ltd.,ZYDUSLIFE.NS,NSE:ZYDUSLIFE,Large Cap
3M India Ltd.,3MINDIA.NS,NSE:3MINDIA,Mid Cap
ACC Ltd.,ACC.NS,NSE:ACC,Mid Cap
AIA Engineering Ltd.,AIAENG.NS,NSE:AIAENG,Mid Cap
APL Apollo Tubes Ltd.,APLAPOLLO.NS,NSE:APLAPOLLO,Mid Cap
AU Small Finance Bank Ltd.,AUBANK.NS,NSE:AUBANK,Mid Cap
Abbott India Ltd.,ABBOTINDIA.NS,NSE:ABBOTINDIA,Mid Cap
Adani Wilmar Ltd.,AWL.NS,NSE:AWL,Mid Cap
Aditya Birla Capital Ltd.,ABCAPITAL.NS,NSE:ABCAPITAL,Mid Cap
Aditya Birla Fashion and Retail Ltd.,ABFRL.NS,NSE:ABFRL,Mid Cap
Ajanta Pharmaceuticals Ltd.,AJANTPHARM.NS,NSE:AJANTPHARM,Mid Cap
Alkem Laboratories Ltd.,ALKEM.NS,NSE:ALKEM,Mid Cap
Apollo Tyres Ltd.,APOLLOTYRE.NS,NSE:APOLLOTYRE,Mid Cap
Ashok Leyland Ltd.,ASHOKLEY.NS,NSE:ASHOKLEY,Mid Cap
Astral Ltd.,ASTRAL.NS,NSE:ASTRAL,Mid Cap
Aurobindo Pharma Ltd.,AUROPHARMA.NS,NSE:AUROPHARMA,Mid Cap
BSE Ltd.,BSE.NS,NSE:BSE,Mid Cap
Balkrishna Industries Ltd.,BALKRISIND.NS,NSE:BALKRISIND,Mid Cap
Bandhan Bank Ltd.,BANDHANBNK.NS,NSE:BANDHANBNK,Mid Cap
Bank of India,BANKINDIA.NS,NSE:BANKINDIA,Mid Cap
Bank of Maharashtra,MAHABANK.NS,NSE:MAHABANK,Mid Cap
Bayer Cropscience Ltd.,BAYERCROP.NS,NSE:BAYERCROP,Mid Cap
Berger Paints India Ltd.,BERGEPAINT.NS,NSE:BERGEPAINT,Mid Cap
Bharat Dynamics Ltd.,BDL.NS,NSE:BDL,Mid Cap
Bharat Forge Ltd.,BHARATFORG.NS,NSE:BHARATFORG,Mid Cap
Bharti Hexacom Ltd.,BHARTIHEXA.NS,NSE:BHARTIHEXA,Mid Cap
Biocon Ltd.,BIOCON.NS,NSE:BIOCON,Mid Cap
CG Power and Industrial Solutions Ltd.,CGPOWER.NS,NSE:CGPOWER,Mid Cap
CRISIL Ltd.,CRISIL.NS,NSE:CRISIL,Mid Cap
Carborundum Universal Ltd.,CARBORUNIV.NS,NSE:CARBORUNIV,Mid Cap
Cochin Shipyard Ltd.,COCHINSHIP.NS,NSE:COCHINSHIP,Mid Cap
Coforge Ltd.,COFORGE.NS,NSE:COFORGE,Mid Cap
Colgate Palmolive (India) Ltd.,COLPAL.NS,NSE:COLPAL,Mid Cap
Container Corporation of India Ltd.,CONCOR.NS,NSE:CONCOR,Mid Cap
Coromandel International Ltd.,COROMANDEL.NS,NSE:COROMANDEL,Mid Cap
Cummins India Ltd.,CUMMINSIND.NS,NSE:CUMMINSIND,Mid Cap
Dalmia Bharat Ltd.,DALBHARAT.NS,NSE:DALBHARAT,Mid Cap
Deepak Nitrite Ltd.,DEEPAKNTR.NS,NSE:DEEPAKNTR,Mid Cap
Delhivery Ltd.,DELHIVERY.NS,NSE:DELHIVERY,Mid Cap
Dixon Technologies (India) Ltd.,DIXON.NS,NSE:DIXON,Mid Cap
Emami Ltd.,EMAMILTD.NS,NSE:EMAMILTD,Mid Cap
Endurance Technologies Ltd.,ENDURANCE.NS,NSE:ENDURANCE,Mid Cap
Escorts Kubota Ltd.,ESCORTS.NS,NSE:ESCORTS,Mid Cap
Exide Industries Ltd.,EXIDEIND.NS,NSE:EXIDEIND,Mid Cap
FSN E-Commerce Ventures Ltd.,NYKAA.NS,NSE:NYKAA,Mid Cap
Federal Bank Ltd.,FEDERALBNK.NS,NSE:FEDERALBNK,Mid Cap
Fertilisers and Chemicals Travancore Ltd.,FACT.NS,NSE:FACT,Mid Cap
Fortis Healthcare Ltd.,FORTIS.NS,NSE:FORTIS,Mid Cap
GMR Airports Infrastructure Ltd.,GMRINFRA.NS,NSE:GMRINFRA,Mid Cap
General Insurance Corporation of India,GICRE.NS,NSE:GICRE,Mid Cap
Gland Pharma Ltd.,GLAND.NS,NSE:GLAND,Mid Cap
Glaxosmithkline Pharmaceuticals Ltd.,GLAXO.NS,NSE:GLAXO,Mid Cap
Global Health Ltd.,MEDANTA.NS,NSE:MEDANTA,Mid Cap
Godrej Industries Ltd.,GODREJIND.NS,NSE:GODREJIND,Mid Cap
Godrej Properties Ltd.,GODREJPROP.NS,NSE:GODREJPROP,Mid Cap
Grindwell Norton Ltd.,GRINDWELL.NS,NSE:GRINDWELL,Mid Cap
Gujarat Fluorochemicals Ltd.,FLUOROCHEM.NS,NSE:FLUOROCHEM,Mid Cap
Gujarat Gas Ltd.,GUJGASLTD.NS,NSE:GUJGASLTD,Mid Cap
HDFC Asset Management Company Ltd.,HDFCAMC.NS,NSE:HDFCAMC,Mid Cap
Hindustan Petroleum Corporation Ltd.,HINDPETRO.NS,NSE:HINDPETRO,Mid Cap
Hindustan Zinc Ltd.,HINDZINC.NS,NSE:HINDZINC,Mid Cap
Hitachi Energy India Ltd.,POWERINDIA.NS,NSE:POWERINDIA,Mid Cap
Honeywell Automation India Ltd.,HONAUT.NS,NSE:HONAUT,Mid Cap
Housing & Urban Development Corporation Ltd.,HUDCO.NS,NSE:HUDCO,Mid Cap
IDBI Bank Ltd.,IDBI.NS,NSE:IDBI,Mid Cap
IDFC First Bank Ltd.,IDFCFIRSTB.NS,NSE:IDFCFIRSTB,Mid Cap
IRB Infrastructure Developers Ltd.,IRB.NS,NSE:IRB,Mid Cap
Indian Bank,INDIANB.NS,NSE:INDIANB,Mid Cap
Indian Hotels Co. Ltd.,INDHOTEL.NS,NSE:INDHOTEL,Mid Cap
Indian Overseas Bank,IOB.NS,NSE:IOB,Mid Cap
Indian Renewable Energy Development Agency Ltd.,IREDA.NS,NSE:IREDA,Mid Cap
Indraprastha Gas Ltd.,IGL.NS,NSE:IGL,Mid Cap
Indus Towers Ltd.,INDUSTOWER.NS,NSE:INDUSTOWER,Mid Cap
Ipca Laboratories Ltd.,IPCALAB.NS,NSE:IPCALAB,Mid Cap
J.K. Cement Ltd.,JKCEMENT.NS,NSE:JKCEMENT,Mid Cap
JSW Infrastructure Ltd.,JSWINFRA.NS,NSE:JSWINFRA,Mid Cap
Jindal Stainless Ltd.,JSL.NS,NSE:JSL,Mid Cap
Jubilant Foodworks Ltd.,JUBLFOOD.NS,NSE:JUBLFOOD,Mid Cap
K.P.R. Mill Ltd.,KPRMILL.NS,NSE:KPRMILL,Mid Cap
KEI Industries Ltd.,KEI.NS,NSE:KEI,Mid Cap
KPIT Technologies Ltd.,KPITTECH.NS,NSE:KPITTECH,Mid Cap
Kalyan Jewellers India Ltd.,KALYANKJIL.NS,NSE:KALYANKJIL,Mid Cap
L&T Finance Ltd.,LTF.NS,NSE:LTF,Mid Cap
L&T Technology Services Ltd.,LTTS.NS,NSE:LTTS,Mid Cap
LIC Housing Finance Ltd.,LICHSGFIN.NS,NSE:LICHSGFIN,Mid Cap
Linde India Ltd.,LINDEINDIA.NS,NSE:LINDEINDIA,Mid Cap
Lloyds Metals And Energy Ltd.,LLOYDSME.NS,NSE:LLOYDSME,Mid Cap
Lupin Ltd.,LUPIN.NS,NSE:LUPIN,Mid Cap
MRF Ltd.,MRF.NS,NSE:MRF,Mid Cap
Mahindra & Mahindra Financial Services Ltd.,M&MFIN.NS,NSE:M&MFIN,Mid Cap
Mangalore Refinery & Petrochemicals Ltd.,MRPL.NS,NSE:MRPL,Mid Cap
Mankind Pharma Ltd.,MANKIND.NS,NSE:MANKIND,Mid Cap
Marico Ltd.,MARICO.NS,NSE:MARICO,Mid Cap
Max Financial Services Ltd.,MFSL.NS,NSE:MFSL,Mid Cap
Max Healthcare Institute Ltd.,MAXHEALTH.NS,NSE:MAXHEALTH,Mid Cap
Mazagoan Dock Shipbuilders Ltd.,MAZDOCK.NS,NSE:MAZDOCK,Mid Cap
Metro Brands Ltd.,METROBRAND.NS,NSE:METROBRAND,Mid Cap
Motherson Sumi Wiring India Ltd.,MSUMI.NS,NSE:MSUMI,Mid Cap
MphasiS Ltd.,MPHASIS.NS,NSE:MPHASIS,Mid Cap
Muthoot Finance Ltd.,MUTHOOTFIN.NS,NSE:MUTHOOTFIN,Mid Cap
NLC India Ltd.,NLCINDIA.NS,NSE:NLCINDIA,Mid Cap
NMDC Ltd.,NMDC.NS,NSE:NMDC,Mid Cap
Nippon Life India Asset Management Ltd.,NAM-INDIA.NS,NSE:NAM-INDIA,Mid Cap
Oberoi Realty Ltd.,OBEROIRLTY.NS,NSE:OBEROIRLTY,Mid Cap
Oil India Ltd.,OIL.NS,NSE:OIL,Mid Cap
One 97 Communications Ltd.,PAYTM.NS,NSE:PAYTM,Mid Cap
Oracle Financial Services Software Ltd.,OFSS.NS,NSE:OFSS,Mid Cap
PB Fintech Ltd.,POLICYBZR.NS,NSE:POLICYBZR,Mid Cap
PI Industries Ltd.,PIIND.NS,NSE:PIIND,Mid Cap
Page Industries Ltd.,PAGEIND.NS,NSE:PAGEIND,Mid Cap
Patanjali Foods Ltd.,PATANJALI.NS,NSE:PATANJALI,Mid Cap
Persistent Systems Ltd.,PERSISTENT.NS,NSE:PERSISTENT,Mid Cap
Petronet LNG Ltd.,PETRONET.NS,NSE:PETRONET,Mid Cap
Phoenix Mills Ltd.,PHOENIXLTD.NS,NSE:PHOENIXLTD,Mid Cap
Polycab India Ltd.,POLYCAB.NS,NSE:POLYCAB,Mid Cap
Poonawalla Fincorp Ltd.,POONAWALLA.NS,NSE:POONAWALLA,Mid Cap
Prestige Estates Projects Ltd.,PRESTIGE.NS,NSE:PRESTIGE,Mid Cap
Procter & Gamble Hygiene & Health Care Ltd.,PGHH.NS,NSE:PGHH,Mid Cap
Rail Vikas Nigam Ltd.,RVNL.NS,NSE:RVNL,Mid Cap
SBI Cards and Payment Services Ltd.,SBICARD.NS,NSE:SBICARD,Mid Cap
SJVN Ltd.,SJVN.NS,NSE:SJVN,Mid Cap
SKF India Ltd.,SKFINDIA.NS,NSE:SKFINDIA,Mid Cap
SRF Ltd.,SRF.NS,NSE:SRF,Mid Cap
Schaeffler India Ltd.,SCHAEFFLER.NS,NSE:SCHAEFFLER,Mid Cap
Solar Industries India Ltd.,SOLARINDS.NS,NSE:SOLARINDS,Mid Cap
Sona BLW Precision Forgings Ltd.,SONACOMS.NS,NSE:SONACOMS,Mid Cap
Star Health and Allied Insurance Company Ltd.,STARHEALTH.NS,NSE:STARHEALTH,Mid Cap
Steel Authority of India Ltd.,SAIL.NS,NSE:SAIL,Mid Cap
Sun TV Network Ltd.,SUNTV.NS,NSE:SUNTV,Mid Cap
Sundaram Finance Ltd.,SUNDARMFIN.NS,NSE:SUNDARMFIN,Mid Cap
Sundram Fasteners Ltd.,SUNDRMFAST.NS,NSE:SUNDRMFAST,Mid Cap
Supreme Industries Ltd.,SUPREMEIND.NS,NSE:SUPREMEIND,Mid Cap
Suzlon Energy Ltd.,SUZLON.NS,NSE:SUZLON,Mid Cap
Syngene International Ltd.,SYNGENE.NS,NSE:SYNGENE,Mid Cap
Tata Chemicals Ltd.,TATACHEM.NS,NSE:TATACHEM,Mid Cap
Tata Communications Ltd.,TATACOMM.NS,NSE:TATACOMM,Mid Cap
Tata Elxsi Ltd.,TATAELXSI.NS,NSE:TATAELXSI,Mid Cap
Tata Investment Corporation Ltd.,TATAINVEST.NS,NSE:TATAINVEST,Mid Cap
Tata Technologies Ltd.,TATATECH.NS,NSE:TATATECH,Mid Cap
The New India Assurance Company Ltd.,NIACL.NS,NSE:NIACL,Mid Cap
Thermax Ltd.,THERMAX.NS,NSE:THERMAX,Mid Cap
Timken India Ltd.,TIMKEN.NS,NSE:TIMKEN,Mid Cap
Torrent Power Ltd.,TORNTPOWER.NS,NSE:TORNTPOWER,Mid Cap
Tube Investments of India Ltd.,TIINDIA.NS,NSE:TIINDIA,Mid Cap
UNO Minda Ltd.,UNOMINDA.NS,NSE:UNOMINDA,Mid Cap
UPL Ltd.,UPL.NS,NSE:UPL,Mid Cap
United Breweries Ltd.,UBL.NS,NSE:UBL,Mid Cap
Vodafone Idea Ltd.,IDEA.NS,NSE:IDEA,Mid Cap
Voltas Ltd.,VOLTAS.NS,NSE:VOLTAS,Mid Cap
Yes Bank Ltd.,YESBANK.NS,NSE:YESBANK,Mid Cap
ZF Commercial Vehicle Control Systems India Ltd.,ZFCVINDIA.NS,NSE:ZFCVINDIA,Mid Cap
360 ONE WAM Ltd.,360ONE.NS,NSE:360ONE,Small Cap
Aadhar Housing Finance Ltd.,AADHARHFC.NS,NSE:AADHARHFC,Small Cap
Aarti Industries Ltd.,AARTIIND.NS,NSE:AARTIIND,Small Cap
Aavas Financiers Ltd.,AAVAS.NS,NSE:AAVAS,Small Cap
Action Construction Equipment Ltd.,ACE.NS,NSE:ACE,Small Cap
Aditya Birla Real Estate Ltd.,ABREL.NS,NSE:ABREL,Small Cap
Aditya Birla Sun Life AMC Ltd.,ABSLAMC.NS,NSE:ABSLAMC,Small Cap
Aegis Logistics Ltd.,AEGISLOG.NS,NSE:AEGISLOG,Small Cap
Affle (India) Ltd.,AFFLE.NS,NSE:AFFLE,Small Cap
Akums Drugs and Pharmaceuticals Ltd.,AKUMS.NS,NSE:AKUMS,Small Cap
Alembic Pharmaceuticals Ltd.,APLLTD.NS,NSE:APLLTD,Small Cap
Alkyl Amines Chemicals Ltd.,ALKYLAMINE.NS,NSE:ALKYLAMINE,Small Cap
Alok Industries Ltd.,ALOKINDS.NS,NSE:ALOKINDS,Small Cap
Amara Raja Energy & Mobility Ltd.,ARE&M.NS,NSE:ARE&M,Small Cap
Amber Enterprises India Ltd.,AMBER.NS,NSE:AMBER,Small Cap
Anand Rathi Wealth Ltd.,ANANDRATHI.NS,NSE:ANANDRATHI,Small Cap
Anant Raj Ltd.,ANANTRAJ.NS,NSE:ANANTRAJ,Small Cap
Angel One Ltd.,ANGELONE.NS,NSE:ANGELONE,Small Cap
Apar Industries Ltd.,APARINDS.NS,NSE:APARINDS,Small Cap
Aptus Value Housing Finance India Ltd.,APTUS.NS,NSE:APTUS,Small Cap
Archean Chemical Industries Ltd.,ACI.NS,NSE:ACI,Small Cap
Asahi India Glass Ltd.,ASAHIINDIA.NS,NSE:ASAHIINDIA,Small Cap
Aster DM Healthcare Ltd.,ASTERDM.NS,NSE:ASTERDM,Small Cap
AstraZenca Pharma India Ltd.,ASTRAZEN.NS,NSE:ASTRAZEN,Small Cap
Atul Ltd.,ATUL.NS,NSE:ATUL,Small Cap
Avanti Feeds Ltd.,AVANTIFEED.NS,NSE:AVANTIFEED,Small Cap
BASF India Ltd.,BASF.NS,NSE:BASF,Small Cap
BEML Ltd.,BEML.NS,NSE:BEML,Small Cap
BLS International Services Ltd.,BLS.NS,NSE:BLS,Small Cap
Balaji Amines Ltd.,BALAMINES.NS,NSE:BALAMINES,Small Cap
Balrampur Chini Mills Ltd.,BALRAMCHIN.NS,NSE:BALRAMCHIN,Small Cap
Bata India Ltd.,BATAINDIA.NS,NSE:BATAINDIA,Small Cap
Bikaji Foods International Ltd.,BIKAJI.NS,NSE:BIKAJI,Small Cap
Birla Corporation Ltd.,BIRLACORPN.NS,NSE:BIRLACORPN,Small Cap
Birlasoft Ltd.,BSOFT.NS,NSE:BSOFT,Small Cap
Blue Dart Express Ltd.,BLUEDART.NS,NSE:BLUEDART,Small Cap
Blue Star Ltd.,BLUESTARCO.NS,NSE:BLUESTARCO,Small Cap
Bombay Burmah Trading Corporation Ltd.,BBTC.NS,NSE:BBTC,Small Cap
Brigade Enterprises Ltd.,BRIGADE.NS,NSE:BRIGADE,Small Cap
C.E. Info Systems Ltd.,MAPMYINDIA.NS,NSE:MAPMYINDIA,Small Cap
CCL Products (I) Ltd.,CCL.NS,NSE:CCL,Small Cap
CESC Ltd.,CESC.NS,NSE:CESC,Small Cap
CIE Automotive India Ltd.,CIEINDIA.NS,NSE:CIEINDIA,Small Cap
Campus Activewear Ltd.,CAMPUS.NS,NSE:CAMPUS,Small Cap
Can Fin Homes Ltd.,CANFINHOME.NS,NSE:CANFINHOME,Small Cap
Caplin Point Laboratories Ltd.,CAPLIPOINT.NS,NSE:CAPLIPOINT,Small Cap
Capri Global Capital Ltd.,CGCL.NS,NSE:CGCL,Small Cap
Castrol India Ltd.,CASTROLIND.NS,NSE:CASTROLIND,Small Cap
Ceat Ltd.,CEATLTD.NS,NSE:CEATLTD,Small Cap
Cello World Ltd.,CELLO.NS,NSE:CELLO,Small Cap
Central Bank of India,CENTRALBK.NS,NSE:CENTRALBK,Small Cap
Central Depository Services (India) Ltd.,CDSL.NS,NSE:CDSL,Small Cap
Century Plyboards (India) Ltd.,CENTURYPLY.NS,NSE:CENTURYPLY,Small Cap
Cera Sanitaryware Ltd,CERA.NS,NSE:CERA,Small Cap
Chalet Hotels Ltd.,CHALET.NS,NSE:CHALET,Small Cap
Chambal Fertilizers & Chemicals Ltd.,CHAMBLFERT.NS,NSE:CHAMBLFERT,Small Cap
Chemplast Sanmar Ltd.,CHEMPLASTS.NS,NSE:CHEMPLASTS,Small Cap
Chennai Petroleum Corporation Ltd.,CHENNPETRO.NS,NSE:CHENNPETRO,Small Cap
Cholamandalam Financial Holdings Ltd.,CHOLAHLDNG.NS,NSE:CHOLAHLDNG,Small Cap
City Union Bank Ltd.,CUB.NS,NSE:CUB,Small Cap
Clean Science and Technology Ltd.,CLEAN.NS,NSE:CLEAN,Small Cap
Computer Age Management Services Ltd.,CAMS.NS,NSE:CAMS,Small Cap
Concord Biotech Ltd.,CONCORDBIO.NS,NSE:CONCORDBIO,Small Cap
Craftsman Automation Ltd.,CRAFTSMAN.NS,NSE:CRAFTSMAN,Small Cap
CreditAccess Grameen Ltd.,CREDITACC.NS,NSE:CREDITACC,Small Cap
Crompton Greaves Consumer Electricals Ltd.,CROMPTON.NS,NSE:CROMPTON,Small Cap
Cyient Ltd.,CYIENT.NS,NSE:CYIENT,Small Cap
DOMS Industries Ltd.,DOMS.NS,NSE:DOMS,Small Cap
Data Patterns (India) Ltd.,DATAPATTNS.NS,NSE:DATAPATTNS,Small Cap
Deepak Fertilisers & Petrochemicals Corp. Ltd.,DEEPAKFERT.NS,NSE:DEEPAKFERT,Small Cap
Devyani International Ltd.,DEVYANI.NS,NSE:DEVYANI,Small Cap
Dr. Lal Path Labs Ltd.,LALPATHLAB.NS,NSE:LALPATHLAB,Small Cap
E.I.D. Parry (India) Ltd.,EIDPARRY.NS,NSE:EIDPARRY,Small Cap
EIH Ltd.,EIHOTEL.NS,NSE:EIHOTEL,Small Cap
Easy Trip Planners Ltd.,EASEMYTRIP.NS,NSE:EASEMYTRIP,Small Cap
Elecon Engineering Co. Ltd.,ELECON.NS,NSE:ELECON,Small Cap
Elgi Equipments Ltd.,ELGIEQUIP.NS,NSE:ELGIEQUIP,Small Cap
Emcure Pharmaceuticals Ltd.,EMCURE.NS,NSE:EMCURE,Small Cap
Engineers India Ltd.,ENGINERSIN.NS,NSE:ENGINERSIN,Small Cap
Equitas Small Finance Bank Ltd.,EQUITASBNK.NS,NSE:EQUITASBNK,Small Cap
Eris Lifesciences Ltd.,ERIS.NS,NSE:ERIS,Small Cap
Fine Organic Industries Ltd.,FINEORG.NS,NSE:FINEORG,Small Cap
Finolex Cables Ltd.,FINCABLES.NS,NSE:FINCABLES,Small Cap
Finolex Industries Ltd.,FINPIPE.NS,NSE:FINPIPE,Small Cap
Firstsource Solutions Ltd.,FSL.NS,NSE:FSL,Small Cap
Five-Star Business Finance Ltd.,FIVESTAR.NS,NSE:FIVESTAR,Small Cap
G R Infraprojects Ltd.,GRINFRA.NS,NSE:GRINFRA,Small Cap
GE Vernova T&D India Ltd.,GVT&D.NS,NSE:GVT&D,Small Cap
Garden Reach Shipbuilders & Engineers Ltd.,GRSE.NS,NSE:GRSE,Small Cap
Gillette India Ltd.,GILLETTE.NS,NSE:GILLETTE,Small Cap
Glenmark Pharmaceuticals Ltd.,GLENMARK.NS,NSE:GLENMARK,Small Cap
Go Digit General Insurance Ltd.,GODIGIT.NS,NSE:GODIGIT,Small Cap
Godawari Power & Ispat Ltd.,GPIL.NS,NSE:GPIL,Small Cap
Godfrey Phillips India Ltd.,GODFRYPHLP.NS,NSE:GODFRYPHLP,Small Cap
Godrej Agrovet Ltd.,GODREJAGRO.NS,NSE:GODREJAGRO,Small Cap
Granules India Ltd.,GRANULES.NS,NSE:GRANULES,Small Cap
Graphite India Ltd.,GRAPHITE.NS,NSE:GRAPHITE,Small Cap
Great Eastern Shipping Co. Ltd.,GESHIP.NS,NSE:GESHIP,Small Cap
Gujarat Ambuja Exports Ltd.,GAEL.NS,NSE:GAEL,Small Cap
Gujarat Mineral Development Corporation Ltd.,GMDCLTD.NS,NSE:GMDCLTD,Small Cap
Gujarat Narmada Valley Fertilizers and Chemicals Ltd.,GNFC.NS,NSE:GNFC,Small Cap
Gujarat Pipavav Port Ltd.,GPPL.NS,NSE:GPPL,Small Cap
Gujarat State Fertilizers & Chemicals Ltd.,GSFC.NS,NSE:GSFC,Small Cap
Gujarat State Petronet Ltd.,GSPL.NS,NSE:GSPL,Small Cap
H.E.G. Ltd.,HEG.NS,NSE:HEG,Small Cap
HBL Power Systems Ltd.,HBLPOWER.NS,NSE:HBLPOWER,Small Cap
HFCL Ltd.,HFCL.NS,NSE:HFCL,Small Cap
Happiest Minds Technologies Ltd.,HAPPSTMNDS.NS,NSE:HAPPSTMNDS,Small Cap
Himadri Speciality Chemical Ltd.,HSCL.NS,NSE:HSCL,Small Cap
Hindustan Copper Ltd.,HINDCOPPER.NS,NSE:HINDCOPPER,Small Cap
Home First Finance Company India Ltd.,HOMEFIRST.NS,NSE:HOMEFIRST,Small Cap
Honasa Consumer Ltd.,HONASA.NS,NSE:HONASA,Small Cap
ICICI Securities Ltd.,ISEC.NS,NSE:ISEC,Small Cap
IFCI Ltd.,IFCI.NS,NSE:IFCI,Small Cap
IIFL Finance Ltd.,IIFL.NS,NSE:IIFL,Small Cap
INOX India Ltd.,INOXINDIA.NS,NSE:INOXINDIA,Small Cap
IRCON International Ltd.,IRCON.NS,NSE:IRCON,Small Cap
ITI Ltd.,ITI.NS,NSE:ITI,Small Cap
Indegene Ltd.,INDGN.NS,NSE:INDGN,Small Cap
India Cements Ltd.,INDIACEM.NS,NSE:INDIACEM,Small Cap
Indiamart Intermesh Ltd.,INDIAMART.NS,NSE:INDIAMART,Small Cap
Indian Energy Exchange Ltd.,IEX.NS,NSE:IEX,Small Cap
Inox Wind Ltd.,INOXWIND.NS,NSE:INOXWIND,Small Cap
Intellect Design Arena Ltd.,INTELLECT.NS,NSE:INTELLECT,Small Cap
J.B. Chemicals & Pharmaceuticals Ltd.,JBCHEPHARM.NS,NSE:JBCHEPHARM,Small Cap
JBM Auto Ltd.,JBMA.NS,NSE:JBMA,Small Cap
JK Lakshmi Cement Ltd.,JKLAKSHMI.NS,NSE:JKLAKSHMI,Small Cap
JK Tyre & Industries Ltd.,JKTYRE.NS,NSE:JKTYRE,Small Cap
JM Financial Ltd.,JMFINANCIL.NS,NSE:JMFINANCIL,Small Cap
Jaiprakash Power Ventures Ltd.,JPPOWER.NS,NSE:JPPOWER,Small Cap
Jammu & Kashmir Bank Ltd.,J&KBANK.NS,NSE:J&KBANK,Small Cap
Jindal Saw Ltd.,JINDALSAW.NS,NSE:JINDALSAW,Small Cap
Jubilant Ingrevia Ltd.,JUBLINGREA.NS,NSE:JUBLINGREA,Small Cap
Jubilant Pharmova Ltd.,JUBLPHARMA.NS,NSE:JUBLPHARMA,Small Cap
Jupiter Wagons Ltd.,JWL.NS,NSE:JWL,Small Cap
Justdial Ltd.,JUSTDIAL.NS,NSE:JUSTDIAL,Small Cap
Jyothy Labs Ltd.,JYOTHYLAB.NS,NSE:JYOTHYLAB,Small Cap
Jyoti CNC Automation Ltd.,JYOTICNC.NS,NSE:JYOTICNC,Small Cap
KNR Constructions Ltd.,KNRCON.NS,NSE:KNRCON,Small Cap
KSB Ltd.,KSB.NS,NSE:KSB,Small Cap
Kajaria Ceramics Ltd.,KAJARIACER.NS,NSE:KAJARIACER,Small Cap
Kalpataru Projects International Ltd.,KPIL.NS,NSE:KPIL,Small Cap
Kansai Nerolac Paints Ltd.,KANSAINER.NS,NSE:KANSAINER,Small Cap
Karur Vysya Bank Ltd.,KARURVYSYA.NS,NSE:KARURVYSYA,Small Cap
Kaynes Technology India Ltd.,KAYNES.NS,NSE:KAYNES,Small Cap
Kec International Ltd.,KEC.NS,NSE:KEC,Small Cap
Kfin Technologies Ltd.,KFINTECH.NS,NSE:KFINTECH,Small Cap
Kirloskar Brothers Ltd.,KIRLOSBROS.NS,NSE:KIRLOSBROS,Small Cap
Kirloskar Oil Eng Ltd.,KIRLOSENG.NS,NSE:KIRLOSENG,Small Cap
Krishna Institute of Medical Sciences Ltd.,KIMS.NS,NSE:KIMS,Small Cap
Latent View Analytics Ltd.,LATENTVIEW.NS,NSE:LATENTVIEW,Small Cap
Laurus Labs Ltd.,LAURUSLABS.NS,NSE:LAURUSLABS,Small Cap
Lemon Tree Hotels Ltd.,LEMONTREE.NS,NSE:LEMONTREE,Small Cap
MMTC Ltd.,MMTC.NS,NSE:MMTC,Small Cap
Mahanagar Gas Ltd.,MGL.NS,NSE:MGL,Small Cap
Maharashtra Seamless Ltd.,MAHSEAMLES.NS,NSE:MAHSEAMLES,Small Cap
Mahindra Lifespace Developers Ltd.,MAHLIFE.NS,NSE:MAHLIFE,Small Cap
Manappuram Finance Ltd.,MANAPPURAM.NS,NSE:MANAPPURAM,Small Cap
Mastek Ltd.,MASTEK.NS,NSE:MASTEK,Small Cap
Metropolis Healthcare Ltd.,METROPOLIS.NS,NSE:METROPOLIS,Small Cap
Minda Corporation Ltd.,MINDACORP.NS,NSE:MINDACORP,Small Cap
Motilal Oswal Financial Services Ltd.,MOTILALOFS.NS,NSE:MOTILALOFS,Small Cap
Multi Commodity Exchange of India Ltd.,MCX.NS,NSE:MCX,Small Cap
NATCO Pharma Ltd.,NATCOPHARM.NS,NSE:NATCOPHARM,Small Cap
NBCC (India) Ltd.,NBCC.NS,NSE:NBCC,Small Cap
NCC Ltd.,NCC.NS,NSE:NCC,Small Cap
NMDC Steel Ltd.,NSLNISP.NS,NSE:NSLNISP,Small Cap
Narayana Hrudayalaya Ltd.,NH.NS,NSE:NH,Small Cap
National Aluminium Co. Ltd.,NATIONALUM.NS,NSE:NATIONALUM,Small Cap
Navin Fluorine International Ltd.,NAVINFLUOR.NS,NSE:NAVINFLUOR,Small Cap
Netweb Technologies India Ltd.,NETWEB.NS,NSE:NETWEB,Small Cap
Network18 Media & Investments Ltd.,NETWORK18.NS,NSE:NETWORK18,Small Cap
Newgen Software Technologies Ltd.,NEWGEN.NS,NSE:NEWGEN,Small Cap
Nuvama Wealth Management Ltd.,NUVAMA.NS,NSE:NUVAMA,Small Cap
Nuvoco Vistas Corporation Ltd.,NUVOCO.NS,NSE:NUVOCO,Small Cap
Olectra Greentech Ltd.,OLECTRA.NS,NSE:OLECTRA,Small Cap
PCBL Ltd.,PCBL.NS,NSE:PCBL,Small Cap
PNB Housing Finance Ltd.,PNBHOUSING.NS,NSE:PNBHOUSING,Small Cap
PNC Infratech Ltd.,PNCINFRA.NS,NSE:PNCINFRA,Small Cap
PTC Industries Ltd.,PTCIL.NS,NSE:PTCIL,Small Cap
PVR INOX Ltd.,PVRINOX.NS,NSE:PVRINOX,Small Cap
Pfizer Ltd.,PFIZER.NS,NSE:PFIZER,Small Cap
Piramal Enterprises Ltd.,PEL.NS,NSE:PEL,Small Cap
Piramal Pharma Ltd.,PPLPHARMA.NS,NSE:PPLPHARMA,Small Cap
Poly Medicure Ltd.,POLYMED.NS,NSE:POLYMED,Small Cap
Praj Industries Ltd.,PRAJIND.NS,NSE:PRAJIND,Small Cap
Quess Corp Ltd.,QUESS.NS,NSE:QUESS,Small Cap
R R Kabel Ltd.,RRKABEL.NS,NSE:RRKABEL,Small Cap
RBL Bank Ltd.,RBLBANK.NS,NSE:RBLBANK,Small Cap
RHI MAGNESITA INDIA LTD.,RHIM.NS,NSE:RHIM,Small Cap
RITES Ltd.,RITES.NS,NSE:RITES,Small Cap
Radico Khaitan Ltd,RADICO.NS,NSE:RADICO,Small Cap
Railtel Corporation Of India Ltd.,RAILTEL.NS,NSE:RAILTEL,Small Cap
Rainbow Childrens Medicare Ltd.,RAINBOW.NS,NSE:RAINBOW,Small Cap
Rajesh Exports Ltd.,RAJESHEXPO.NS,NSE:RAJESHEXPO,Small Cap
Ramkrishna Forgings Ltd.,RKFORGE.NS,NSE:RKFORGE,Small Cap
Rashtriya Chemicals & Fertilizers Ltd.,RCF.NS,NSE:RCF,Small Cap
Ratnamani Metals & Tubes Ltd.,RATNAMANI.NS,NSE:RATNAMANI,Small Cap
RattanIndia Enterprises Ltd.,RTNINDIA.NS,NSE:RTNINDIA,Small Cap
Raymond Ltd.,RAYMOND.NS,NSE:RAYMOND,Small Cap
Redington Ltd.,REDINGTON.NS,NSE:REDINGTON,Small Cap
Route Mobile Ltd.,ROUTE.NS,NSE:ROUTE,Small Cap
SBFC Finance Ltd.,SBFC.NS,NSE:SBFC,Small Cap
Sammaan Capital Ltd.,SAMMAANCAP.NS,NSE:SAMMAANCAP,Small Cap
Sanofi India Ltd.,SANOFI.NS,NSE:SANOFI,Small Cap
Sapphire Foods India Ltd.,SAPPHIRE.NS,NSE:SAPPHIRE,Small Cap
Saregama India Ltd,SAREGAMA.NS,NSE:SAREGAMA,Small Cap
Schneider Electric Infrastructure Ltd.,SCHNEIDER.NS,NSE:SCHNEIDER,Small Cap
Shipping Corporation of India Ltd.,SCI.NS,NSE:SCI,Small Cap
Shree Renuka Sugars Ltd.,RENUKA.NS,NSE:RENUKA,Small Cap
Shyam Metalics and Energy Ltd.,SHYAMMETL.NS,NSE:SHYAMMETL,Small Cap
Signatureglobal (India) Ltd.,SIGNATURE.NS,NSE:SIGNATURE,Small Cap
Sobha Ltd.,SOBHA.NS,NSE:SOBHA,Small Cap
Sonata Software Ltd.,SONATSOFTW.NS,NSE:SONATSOFTW,Small Cap
Sterling and Wilson Renewable Energy Ltd.,SWSOLAR.NS,NSE:SWSOLAR,Small Cap
Sumitomo Chemical India Ltd.,SUMICHEM.NS,NSE:SUMICHEM,Small Cap
Sun Pharma Advanced Research Company Ltd.,SPARC.NS,NSE:SPARC,Small Cap
Suven Pharmaceuticals Ltd.,SUVENPHAR.NS,NSE:SUVENPHAR,Small Cap
Swan Energy Ltd.,SWANENERGY.NS,NSE:SWANENERGY,Small Cap
Syrma SGS Technology Ltd.,SYRMA.NS,NSE:SYRMA,Small Cap
TBO Tek Ltd.,TBOTEK.NS,NSE:TBOTEK,Small Cap
TVS Supply Chain Solutions Ltd.,TVSSCS.NS,NSE:TVSSCS,Small Cap
Tanla Platforms Ltd.,TANLA.NS,NSE:TANLA,Small Cap
Tata Teleservices (Maharashtra) Ltd.,TTML.NS,NSE:TTML,Small Cap
Techno Electric & Engineering Company Ltd.,TECHNOE.NS,NSE:TECHNOE,Small Cap
Tejas Networks Ltd.,TEJASNET.NS,NSE:TEJASNET,Small Cap
The Ramco Cements Ltd.,RAMCOCEM.NS,NSE:RAMCOCEM,Small Cap
Titagarh Rail Systems Ltd.,TITAGARH.NS,NSE:TITAGARH,Small Cap
Trident Ltd.,TRIDENT.NS,NSE:TRIDENT,Small Cap
Triveni Engineering & Industries Ltd.,TRIVENI.NS,NSE:TRIVENI,Small Cap
Triveni Turbine Ltd.,TRITURBINE.NS,NSE:TRITURBINE,Small Cap
UCO Bank,UCOBANK.NS,NSE:UCOBANK,Small Cap
UTI Asset Management Company Ltd.,UTIAMC.NS,NSE:UTIAMC,Small Cap
Ujjivan Small Finance Bank Ltd.,UJJIVANSFB.NS,NSE:UJJIVANSFB,Small Cap
Usha Martin Ltd.,USHAMART.NS,NSE:USHAMART,Small Cap
V-Guard Industries Ltd.,VGUARD.NS,NSE:VGUARD,Small Cap
V.I.P. Industries Ltd.,VIPIND.NS,NSE:VIPIND,Small Cap
Valor Estate Ltd.,DBREALTY.NS,NSE:DBREALTY,Small Cap
Vardhman Textiles Ltd.,VTL.NS,NSE:VTL,Small Cap
Varroc Engineering Ltd.,VARROC.NS,NSE:VARROC,Small Cap
Vedant Fashions Ltd.,MANYAVAR.NS,NSE:MANYAVAR,Small Cap
Vijaya Diagnostic Centre Ltd.,VIJAYA.NS,NSE:VIJAYA,Small Cap
Vinati Organics Ltd.,VINATIORGA.NS,NSE:VINATIORGA,Small Cap
Welspun Corp Ltd.,WELCORP.NS,NSE:WELCORP,Small Cap
Welspun Living Ltd.,WELSPUNLIV.NS,NSE:WELSPUNLIV,Small Cap
Westlife Foodworld Ltd.,WESTLIFE.NS,NSE:WESTLIFE,Small Cap
Whirlpool of India Ltd.,WHIRLPOOL.NS,NSE:WHIRLPOOL,Small Cap
Zee Entertainment Enterprises Ltd.,ZEEL.NS,NSE:ZEEL,Small Cap
Zensar Technolgies Ltd.,ZENSARTECH.NS,NSE:ZENSARTECH,Small Cap
eClerx Services Ltd.,ECLERX.NS,NSE:ECLERX,Small Cap
AGI Greenpac Ltd.,AGI.NS,NSE:AGI,Micro Cap
ASK Automotive Ltd.,ASKAUTOLTD.NS,NSE:ASKAUTOLTD,Micro Cap
Aarti Drugs Ltd.,AARTIDRUGS.NS,NSE:AARTIDRUGS,Micro Cap
Aarti Pharmalabs Ltd.,AARTIPHARM.NS,NSE:AARTIPHARM,Micro Cap
Advanced Enzyme Tech Ltd.,ADVENZYMES.NS,NSE:ADVENZYMES,Micro Cap
Aether Industries Ltd.,AETHER.NS,NSE:AETHER,Micro Cap
Ahluwalia Contracts (India) Ltd.,AHLUCONT.NS,NSE:AHLUCONT,Micro Cap
Allcargo Logistics Ltd.,ALLCARGO.NS,NSE:ALLCARGO,Micro Cap
Ami Organics Ltd.,AMIORG.NS,NSE:AMIORG,Micro Cap
Anupam Rasayan India Ltd.,ANURAS.NS,NSE:ANURAS,Micro Cap
Apeejay Surrendra Park Hotels Ltd.,PARKHOTELS.NS,NSE:PARKHOTELS,Micro Cap
Arvind Fashions Ltd.,ARVINDFASN.NS,NSE:ARVINDFASN,Micro Cap
Arvind Ltd.,ARVIND.NS,NSE:ARVIND,Micro Cap
Ashoka Buildcon Ltd.,ASHOKA.NS,NSE:ASHOKA,Micro Cap
Astra Microwave Products Ltd.,ASTRAMICRO.NS,NSE:ASTRAMICRO,Micro Cap
Avalon Technologies Ltd.,AVALON.NS,NSE:AVALON,Micro Cap
Azad Engineering Ltd.,AZAD.NS,NSE:AZAD,Micro Cap
Bajaj Consumer Care Ltd.,BAJAJCON.NS,NSE:BAJAJCON,Micro Cap
Bajaj Electricals Ltd,BAJAJELEC.NS,NSE:BAJAJELEC,Micro Cap
Bajaj Hindusthan Sugar Ltd.,BAJAJHIND.NS,NSE:BAJAJHIND,Micro Cap
Balmer Lawrie & Co. Ltd.,BALMLAWRIE.NS,NSE:BALMLAWRIE,Micro Cap
Banco Products (India) Ltd.,BANCOINDIA.NS,NSE:BANCOINDIA,Micro Cap
Bhansali Engineering Polymers Ltd.,BEPL.NS,NSE:BEPL,Micro Cap
Bharat Bijlee Ltd.,BBL.NS,NSE:BBL,Micro Cap
Blue Jet Healthcare Ltd.,BLUEJET.NS,NSE:BLUEJET,Micro Cap
Bombay Dyeing & Manufacturing Co. Ltd.,BOMDYEING.NS,NSE:BOMDYEING,Micro Cap
Borosil Ltd.,BOROLTD.NS,NSE:BOROLTD,Micro Cap
Borosil Renewables Ltd.,BORORENEW.NS,NSE:BORORENEW,Micro Cap
CMS Info Systems Ltd.,CMSINFO.NS,NSE:CMSINFO,Micro Cap
CSB Bank Ltd.,CSBBANK.NS,NSE:CSBBANK,Micro Cap
Cartrade Tech Ltd.,CARTRADE.NS,NSE:CARTRADE,Micro Cap
Choice International Ltd.,CHOICEIN.NS,NSE:CHOICEIN,Micro Cap
Cigniti Technologies Ltd.,CIGNITITEC.NS,NSE:CIGNITITEC,Micro Cap
Confidence Petroleum India Ltd.,CONFIPET.NS,NSE:CONFIPET,Micro Cap
Cyient DLM Ltd.,CYIENTDLM.NS,NSE:CYIENTDLM,Micro Cap
DCB Bank Ltd.,DCBBANK.NS,NSE:DCBBANK,Micro Cap
DCM Shriram Ltd.,DCMSHRIRAM.NS,NSE:DCMSHRIRAM,Micro Cap
DCX Systems Ltd.,DCXINDIA.NS,NSE:DCXINDIA,Micro Cap
Datamatics Global Services Ltd.,DATAMATICS.NS,NSE:DATAMATICS,Micro Cap
Delta Corp Ltd.,DELTACORP.NS,NSE:DELTACORP,Micro Cap
Den Networks Ltd.,DEN.NS,NSE:DEN,Micro Cap
Dhani Services Ltd.,DHANI.NS,NSE:DHANI,Micro Cap
Dhanuka Agritech Ltd.,DHANUKA.NS,NSE:DHANUKA,Micro Cap
Dilip Buildcon Ltd.,DBL.NS,NSE:DBL,Micro Cap
Dish TV India Ltd.,DISHTV.NS,NSE:DISHTV,Micro Cap
Dishman Carbogen Amcis Ltd.,DCAL.NS,NSE:DCAL,Micro Cap
Dodla Dairy Ltd.,DODLA.NS,NSE:DODLA,Micro Cap
Dreamfolks Services Ltd.,DREAMFOLKS.NS,NSE:DREAMFOLKS,Micro Cap
Dynamatic Technologies Ltd.,DYNAMATECH.NS,NSE:DYNAMATECH,Micro Cap
EPL Ltd.,EPL.NS,NSE:EPL,Micro Cap
ESAF Small Finance Bank Ltd.,ESAFSFB.NS,NSE:ESAFSFB,Micro Cap
Edelweiss Financial Services Ltd.,EDELWEISS.NS,NSE:EDELWEISS,Micro Cap
Electronics Mart India Ltd.,EMIL.NS,NSE:EMIL,Micro Cap
Electrosteel Castings Ltd.,ELECTCAST.NS,NSE:ELECTCAST,Micro Cap
Entero Healthcare Solutions Ltd.,ENTERO.NS,NSE:ENTERO,Micro Cap
Epigral Ltd.,EPIGRAL.NS,NSE:EPIGRAL,Micro Cap
Equinox India Developments Ltd.,EMBDL.NS,NSE:EMBDL,Micro Cap
Ethos Ltd.,ETHOSLTD.NS,NSE:ETHOSLTD,Micro Cap
Eveready Industries India Ltd.,EVEREADY.NS,NSE:EVEREADY,Micro Cap
FDC Ltd.,FDC.NS,NSE:FDC,Micro Cap
Fiem Industries Ltd,FIEMIND.NS,NSE:FIEMIND,Micro Cap
Fineotex Chemical Ltd.,FCL.NS,NSE:FCL,Micro Cap
Force Motors Ltd.,FORCEMOT.NS,NSE:FORCEMOT,Micro Cap
Fusion Finance Ltd.,FUSION.NS,NSE:FUSION,Micro Cap
GHCL Ltd.,GHCL.NS,NSE:GHCL,Micro Cap
GMM Pfaudler Ltd.,GMMPFAUDLR.NS,NSE:GMMPFAUDLR,Micro Cap
Gabriel India Ltd.,GABRIEL.NS,NSE:GABRIEL,Micro Cap
Ganesh Housing Corporation Ltd.,GANESHHOUC.NS,NSE:GANESHHOUC,Micro Cap
Garware Hi-Tech Films Ltd.,GRWRHITECH.NS,NSE:GRWRHITECH,Micro Cap
Gateway Distriparks Ltd.,GATEWAY.NS,NSE:GATEWAY,Micro Cap
Glenmark Life Sciences Ltd.,GLS.NS,NSE:GLS,Micro Cap
Go Fashion (India) Ltd.,GOCOLORS.NS,NSE:GOCOLORS,Micro Cap
Gokaldas Exports Ltd.,GOKEX.NS,NSE:GOKEX,Micro Cap
Gopal Snacks Ltd.,GOPAL.NS,NSE:GOPAL,Micro Cap
Gravita India Ltd.,GRAVITA.NS,NSE:GRAVITA,Micro Cap
Greaves Cotton Ltd.,GREAVESCOT.NS,NSE:GREAVESCOT,Micro Cap
Greenpanel Industries Ltd.,GREENPANEL.NS,NSE:GREENPANEL,Micro Cap
Greenply Industries Ltd.,GREENPLY.NS,NSE:GREENPLY,Micro Cap
Gujarat Alkalies & Chemicals Ltd.,GUJALKALI.NS,NSE:GUJALKALI,Micro Cap
Gulf Oil Lubricants India Ltd.,GULFOILLUB.NS,NSE:GULFOILLUB,Micro Cap
H.G. Infra Engineering Ltd.,HGINFRA.NS,NSE:HGINFRA,Micro Cap
Happy Forgings Ltd.,HAPPYFORGE.NS,NSE:HAPPYFORGE,Micro Cap
Harsha Engineers International Ltd.,HARSHA.NS,NSE:HARSHA,Micro Cap
Hathway Cable & Datacom Ltd.,HATHWAY.NS,NSE:HATHWAY,Micro Cap
Healthcare Global Enterprises Ltd.,HCG.NS,NSE:HCG,Micro Cap
HeidelbergCement India Ltd.,HEIDELBERG.NS,NSE:HEIDELBERG,Micro Cap
Hemisphere Properties India Ltd.,HEMIPROP.NS,NSE:HEMIPROP,Micro Cap
Heritage Foods Ltd.,HERITGFOOD.NS,NSE:HERITGFOOD,Micro Cap
Hikal Ltd.,HIKAL.NS,NSE:HIKAL,Micro Cap
Hindustan Construction Co. Ltd.,HCC.NS,NSE:HCC,Micro Cap
Hindustan Foods Ltd.,HNDFDS.NS,NSE:HNDFDS,Micro Cap
Hindustan Oil Exploration Co. Ltd.,HINDOILEXP.NS,NSE:HINDOILEXP,Micro Cap
Hindware Home Innovation Ltd.,HINDWAREAP.NS,NSE:HINDWAREAP,Micro Cap
IFB Industries Ltd.,IFBIND.NS,NSE:IFBIND,Micro Cap
IIFL Securities Ltd.,IIFLSEC.NS,NSE:IIFLSEC,Micro Cap
ITD Cementation India Ltd.,ITDCEM.NS,NSE:ITDCEM,Micro Cap
Ideaforge Technology Ltd.,IDEAFORGE.NS,NSE:IDEAFORGE,Micro Cap
Imagicaaworld Entertainment Ltd.,IMAGICAA.NS,NSE:IMAGICAA,Micro Cap
India Glycols Ltd.,INDIAGLYCO.NS,NSE:INDIAGLYCO,Micro Cap
India Pesticides Ltd.,IPL.NS,NSE:IPL,Micro Cap
India Shelter Finance Corporation Ltd.,INDIASHLTR.NS,NSE:INDIASHLTR,Micro Cap
Indian Metals & Ferro Alloys Ltd.,IMFA.NS,NSE:IMFA,Micro Cap
Indigo Paints Ltd.,INDIGOPNTS.NS,NSE:INDIGOPNTS,Micro Cap
Indo Count Industries Ltd.,ICIL.NS,NSE:ICIL,Micro Cap
Infibeam Avenues Ltd.,INFIBEAM.NS,NSE:INFIBEAM,Micro Cap
Ingersoll Rand (India) Ltd.,INGERRAND.NS,NSE:INGERRAND,Micro Cap
Inox Green Energy Services Ltd.,INOXGREEN.NS,NSE:INOXGREEN,Micro Cap
Ion Exchange (India) Ltd.,IONEXCHANG.NS,NSE:IONEXCHANG,Micro Cap
Isgec Heavy Engineering Ltd.,ISGEC.NS,NSE:ISGEC,Micro Cap
J.Kumar Infraprojects Ltd.,JKIL.NS,NSE:JKIL,Micro Cap
JK Paper Ltd.,JKPAPER.NS,NSE:JKPAPER,Micro Cap
JTEKT India Ltd.,JTEKTINDIA.NS,NSE:JTEKTINDIA,Micro Cap
JTL Industries Ltd.,JTLIND.NS,NSE:JTLIND,Micro Cap
Jai Balaji Industries Ltd.,JAIBALAJI.NS,NSE:JAIBALAJI,Micro Cap
Jai Corp Ltd.,JAICORPLTD.NS,NSE:JAICORPLTD,Micro Cap
Jain Irrigation Systems Ltd.,JISLJALEQS.NS,NSE:JISLJALEQS,Micro Cap
Jamna Auto Industries Ltd.,JAMNAAUTO.NS,NSE:JAMNAAUTO,Micro Cap
Jana Small Finance Bank Ltd.,JSFB.NS,NSE:JSFB,Micro Cap
Jindal Worldwide Ltd.,JINDWORLD.NS,NSE:JINDWORLD,Micro Cap
Johnson Controls - Hitachi Air Conditioning India Ltd.,JCHAC.NS,NSE:JCHAC,Micro Cap
Juniper Hotels Ltd.,JUNIPER.NS,NSE:JUNIPER,Micro Cap
Jupiter Life Line Hospitals Ltd.,JLHL.NS,NSE:JLHL,Micro Cap
KRBL Ltd.,KRBL.NS,NSE:KRBL,Micro Cap
Kalyani Steels Ltd.,KSL.NS,NSE:KSL,Micro Cap
Karnataka Bank Ltd.,KTKBANK.NS,NSE:KTKBANK,Micro Cap
Kaveri Seed Company Ltd.,KSCL.NS,NSE:KSCL,Micro Cap
Kesoram Industries Ltd.,KESORAMIND.NS,NSE:KESORAMIND,Micro Cap
Kirloskar Pneumatic Company Ltd.,KIRLPNU.NS,NSE:KIRLPNU,Micro Cap
Kolte-Patil Developers Ltd.,KOLTEPATIL.NS,NSE:KOLTEPATIL,Micro Cap
LMW Ltd.,LMW.NS,NSE:LMW,Micro Cap
LT Foods Ltd.,LTFOODS.NS,NSE:LTFOODS,Micro Cap
Landmark Cars Ltd.,LANDMARK.NS,NSE:LANDMARK,Micro Cap
Laxmi Organic Industries Ltd.,LXCHEM.NS,NSE:LXCHEM,Micro Cap
Le Travenues Technology Ltd.,IXIGO.NS,NSE:IXIGO,Micro Cap
Lloyds Engineering Works Ltd.,LLOYDSENGG.NS,NSE:LLOYDSENGG,Micro Cap
Lux Industries Ltd.,LUXIND.NS,NSE:LUXIND,Micro Cap
MOIL Ltd.,MOIL.NS,NSE:MOIL,Micro Cap
MSTC Ltd.,MSTCLTD.NS,NSE:MSTCLTD,Micro Cap
MTAR Technologies Ltd.,MTARTECH.NS,NSE:MTARTECH,Micro Cap
Mahindra Holidays & Resorts India Ltd.,MHRIL.NS,NSE:MHRIL,Micro Cap
Mahindra Logistics Ltd.,MAHLOG.NS,NSE:MAHLOG,Micro Cap
Maithan Alloys Ltd.,MAITHANALL.NS,NSE:MAITHANALL,Micro Cap
Man Infraconstruction Ltd.,MANINFRA.NS,NSE:MANINFRA,Micro Cap
Marksans Pharma Ltd.,MARKSANS.NS,NSE:MARKSANS,Micro Cap
Medplus Health Services Ltd.,MEDPLUS.NS,NSE:MEDPLUS,Micro Cap
Mishra Dhatu Nigam Ltd.,MIDHANI.NS,NSE:MIDHANI,Micro Cap
Mrs. Bectors Food Specialities Ltd.,BECTORFOOD.NS,NSE:BECTORFOOD,Micro Cap
Muthoot Microfin Ltd.,MUTHOOTMF.NS,NSE:MUTHOOTMF,Micro Cap
NEOGEN CHEMICALS LTD.,NEOGEN.NS,NSE:NEOGEN,Micro Cap
NESCO Ltd.,NESCO.NS,NSE:NESCO,Micro Cap
NIIT Learning Systems Ltd.,NIITMTS.NS,NSE:NIITMTS,Micro Cap
NOCIL Ltd.,NOCIL.NS,NSE:NOCIL,Micro Cap
NRB Bearings Ltd.,NRBBEARING.NS,NSE:NRBBEARING,Micro Cap
National Fertilizers Ltd.,NFL.NS,NSE:NFL,Micro Cap
Nava Ltd.,NAVA.NS,NSE:NAVA,Micro Cap
Nazara Technologies Ltd.,NAZARA.NS,NSE:NAZARA,Micro Cap
Neuland Laboratories Ltd.,NEULANDLAB.NS,NSE:NEULANDLAB,Micro Cap
Optiemus Infracom Ltd.,OPTIEMUS.NS,NSE:OPTIEMUS,Micro Cap
Orchid Pharma Ltd.,ORCHPHARMA.NS,NSE:ORCHPHARMA,Micro Cap
Orient Cement Ltd.,ORIENTCEM.NS,NSE:ORIENTCEM,Micro Cap
Orient Electric Ltd.,ORIENTELEC.NS,NSE:ORIENTELEC,Micro Cap
Orissa Min Dev Co Ltd.,ORISSAMINE.NS,NSE:ORISSAMINE,Micro Cap
PG Electroplast Ltd.,PGEL.NS,NSE:PGEL,Micro Cap
PTC India Ltd.,PTC.NS,NSE:PTC,Micro Cap
Paisalo Digital Ltd.,PAISALO.NS,NSE:PAISALO,Micro Cap
Paradeep Phosphates Ltd.,PARADEEP.NS,NSE:PARADEEP,Micro Cap
Paras Defence and Space Technologies Ltd.,PARAS.NS,NSE:PARAS,Micro Cap
Patel Engineering Ltd.,PATELENG.NS,NSE:PATELENG,Micro Cap
Polyplex Corporation Ltd.,POLYPLEX.NS,NSE:POLYPLEX,Micro Cap
Power Mech Projects Ltd.,POWERMECH.NS,NSE:POWERMECH,Micro Cap
Pricol Ltd.,PRICOLLTD.NS,NSE:PRICOLLTD,Micro Cap
Prince Pipes and Fittings Ltd.,PRINCEPIPE.NS,NSE:PRINCEPIPE,Micro Cap
Procter & Gamble Health Ltd.,PGHL.NS,NSE:PGHL,Micro Cap
Prudent Corporate Advisory Services Ltd.,PRUDENT.NS,NSE:PRUDENT,Micro Cap
Puravankara Ltd.,PURVA.NS,NSE:PURVA,Micro Cap
Rain Industries Ltd,RAIN.NS,NSE:RAIN,Micro Cap
Rallis India Ltd.,RALLIS.NS,NSE:RALLIS,Micro Cap
Ramky Infra Ltd.,RAMKY.NS,NSE:RAMKY,Micro Cap
Rategain Travel Technologies Ltd.,RATEGAIN.NS,NSE:RATEGAIN,Micro Cap
Redtape Ltd.,REDTAPE.NS,NSE:REDTAPE,Micro Cap
Reliance Infrastructure Ltd.,RELINFRA.NS,NSE:RELINFRA,Micro Cap
Religare Enterprises Ltd.,RELIGARE.NS,NSE:RELIGARE,Micro Cap
Responsive Industries Ltd.,RESPONIND.NS,NSE:RESPONIND,Micro Cap
Restaurant Brands Asia Ltd.,RBA.NS,NSE:RBA,Micro Cap
Rolex Rings Ltd.,ROLEXRINGS.NS,NSE:ROLEXRINGS,Micro Cap
Rossari Biotech Ltd.,ROSSARI.NS,NSE:ROSSARI,Micro Cap
Safari Industries (India) Ltd.,SAFARI.NS,NSE:SAFARI,Micro Cap
Sai Silks (Kalamandir) Ltd.,KALAMANDIR.NS,NSE:KALAMANDIR,Micro Cap
Samhi Hotels Ltd.,SAMHI.NS,NSE:SAMHI,Micro Cap
Sandur Manganese & Iron Ores Ltd.,SANDUMA.NS,NSE:SANDUMA,Micro Cap
Sanghi Industries Ltd.,SANGHIIND.NS,NSE:SANGHIIND,Micro Cap
Sanghvi Movers Ltd.,SANGHVIMOV.NS,NSE:SANGHVIMOV,Micro Cap
Sansera Engineering Ltd.,SANSERA.NS,NSE:SANSERA,Micro Cap
Sarda Energy and Minerals Ltd.,SARDAEN.NS,NSE:SARDAEN,Micro Cap
Senco Gold Ltd.,SENCO.NS,NSE:SENCO,Micro Cap
Sequent Scientific Ltd.,SEQUENT.NS,NSE:SEQUENT,Micro Cap
Sharda Motor Industries Ltd.,SHARDAMOTR.NS,NSE:SHARDAMOTR,Micro Cap
Share India Securities Ltd.,SHAREINDIA.NS,NSE:SHAREINDIA,Micro Cap
Sheela Foam Ltd.,SFL.NS,NSE:SFL,Micro Cap
Shilpa Medicare Ltd.,SHILPAMED.NS,NSE:SHILPAMED,Micro Cap
Shivalik Bimetal Controls Ltd.,SBCL.NS,NSE:SBCL,Micro Cap
Shriram Pistons & Rings Ltd.,SHRIPISTON.NS,NSE:SHRIPISTON,Micro Cap
Sindhu Trade Links Ltd.,SINDHUTRAD.NS,NSE:SINDHUTRAD,Micro Cap
South Indian Bank Ltd.,SOUTHBANK.NS,NSE:SOUTHBANK,Micro Cap
Spandana Sphoorty Financial Ltd.,SPANDANA.NS,NSE:SPANDANA,Micro Cap
Star Cement Ltd.,STARCEMENT.NS,NSE:STARCEMENT,Micro Cap
Steel Strips Wheels Ltd.,SSWL.NS,NSE:SSWL,Micro Cap
Sterlite Technologies Ltd.,STLTECH.NS,NSE:STLTECH,Micro Cap
Strides Pharma Science Ltd.,STAR.NS,NSE:STAR,Micro Cap
Stylam Industries Ltd.,STYLAMIND.NS,NSE:STYLAMIND,Micro Cap
Subros Ltd.,SUBROS.NS,NSE:SUBROS,Micro Cap
Sudarshan Chemical Industries Ltd.,SUDARSCHEM.NS,NSE:SUDARSCHEM,Micro Cap
Sula Vineyards Ltd.,SULA.NS,NSE:SULA,Micro Cap
Sunflag Iron & Steel Company Ltd.,SUNFLAG.NS,NSE:SUNFLAG,Micro Cap
Sunteck Realty Ltd.,SUNTECK.NS,NSE:SUNTECK,Micro Cap
Suprajit Engineering Ltd.,SUPRAJIT.NS,NSE:SUPRAJIT,Micro Cap
Supreme Petrochem Ltd.,SPLPETRO.NS,NSE:SPLPETRO,Micro Cap
Supriya Lifescience Ltd.,SUPRIYA.NS,NSE:SUPRIYA,Micro Cap
Surya Roshni Ltd.,SURYAROSNI.NS,NSE:SURYAROSNI,Micro Cap
Symphony Ltd.,SYMPHONY.NS,NSE:SYMPHONY,Micro Cap
TARC Ltd.,TARC.NS,NSE:TARC,Micro Cap
TCI Express Ltd.,TCIEXP.NS,NSE:TCIEXP,Micro Cap
TD Power Systems Ltd.,TDPOWERSYS.NS,NSE:TDPOWERSYS,Micro Cap
Teamlease Services Ltd.,TEAMLEASE.NS,NSE:TEAMLEASE,Micro Cap
Technocraft Industries (India) Ltd.,TIIL.NS,NSE:TIIL,Micro Cap
Tega Industries Ltd.,TEGA.NS,NSE:TEGA,Micro Cap
Texmaco Rail & Eng. Ltd.,TEXRAIL.NS,NSE:TEXRAIL,Micro Cap
Thirumalai Chemicals Ltd.,TIRUMALCHM.NS,NSE:TIRUMALCHM,Micro Cap
Thomas Cook (India) Ltd.,THOMASCOOK.NS,NSE:THOMASCOOK,Micro Cap
Tilaknagar Industries Ltd.,TI.NS,NSE:TI,Micro Cap
Time Technoplast Ltd.,TIMETECHNO.NS,NSE:TIMETECHNO,Micro Cap
Tips Music Ltd.,TIPSMUSIC.NS,NSE:TIPSMUSIC,Micro Cap
Utkarsh Small Finance Bank Ltd.,UTKARSHBNK.NS,NSE:UTKARSHBNK,Micro Cap
V-Mart Retail Ltd.,VMART.NS,NSE:VMART,Micro Cap
VST Industries Ltd.,VSTIND.NS,NSE:VSTIND,Micro Cap
Va Tech Wabag Ltd.,WABAG.NS,NSE:WABAG,Micro Cap
Vaibhav Global Ltd.,VAIBHAVGBL.NS,NSE:VAIBHAVGBL,Micro Cap
Veedol Corporation Ltd.,VEEDOL.NS,NSE:VEEDOL,Micro Cap
Venky's (India) Ltd.,VENKEYS.NS,NSE:VENKEYS,Micro Cap
Venus Pipes & Tubes Ltd.,VENUSPIPES.NS,NSE:VENUSPIPES,Micro Cap
Vesuvius India Ltd.,VESUVIUS.NS,NSE:VESUVIUS,Micro Cap
Voltamp Transformers Ltd,VOLTAMP.NS,NSE:VOLTAMP,Micro Cap
Welspun Enterprises Ltd.,WELENT.NS,NSE:WELENT,Micro Cap
West Coast Paper Mills Ltd.,WSTCSTPAPR.NS,NSE:WSTCSTPAPR,Micro Cap
Wockhardt Ltd.,WOCKPHARMA.NS,NSE:WOCKPHARMA,Micro Cap
Wonderla Holidays Ltd.,WONDERLA.NS,NSE:WONDERLA,Micro Cap
Yatharth Hospital & Trauma Care Services Ltd.,YATHARTH.NS,NSE:YATHARTH,Micro Cap
Zen Technologies Ltd.,ZENTEC.NS,NSE:ZENTEC,Micro Cap
Zydus Wellness Ltd.,ZYDUSWELL.NS,NSE:ZYDUSWELL,Micro Cap
eMudhra Ltd.,EMUDHRA.NS,NSE:EMUDHRA,Micro Cap
